ID,Name,Email,Phone Number,Affiliation,Role,Ticket Type,Checked In
1,Justin Curtis,daniel49@hotmail.com,(079)554-7354,Wheeler-Bradshaw,Attendee,Standard,False
2,Jon Gonzales,charles97@yahoo.com,223.730.9301,"Dominguez, Davis and Petty",Attendee,VIP,False
3,Gina Marshall,brandonboyd@cooke.com,001-912-662-5501x88253,"Wright, Perez and Ellis",Volunteer,Student,False
4,Jennifer Johnson,whitemichael@smith.com,(198)937-6639,"Reed, Rich and Barker",Attendee,Student,False
5,Tina Atkinson,lauracoffey@hotmail.com,592-688-9300,Molina Group,Organizer,Standard,False
6,Brittany Webster,michaelschwartz@hernandez.com,674-992-0181,Cohen and Sons,Organizer,VIP,False
7,Brandon Todd,jacksontim@harmon.com,246-121-5801,Howard PLC,Organizer,Student,False
8,Stephanie Knox,manningelizabeth@gmail.com,787.148.7151x803,Thornton-Moreno,Volunteer,Student,False
9,Christian Swanson,lawsonsusan@peck.com,001-223-157-3577x34281,Mahoney and Sons,Attendee,Standard,False
10,Cory Stewart,rebekah53@gmail.com,(940)651-1508x14012,"Peterson, Hodge and Berry",Attendee,Standard,False
11,Tonya Durham,mprince@gmail.com,265.185.1594x7802,Yoder-Lane,Speaker,VIP,False
12,Mary Rogers,iyoung@murray.com,075.741.9820,"Bailey, Patterson and Christensen",Speaker,VIP,False
13,Anthony Fischer,andrew82@esparza.com,667.941.9183,Davies Inc,Volunteer,VIP,False
14,Nathaniel Rodriguez,erikalove@gmail.com,8259031035,"Norton, Hill and Kelley",Attendee,Student,False
15,Donald Goodwin,angelaalvarez@gaines-moore.com,+1-030-452-8857x7287,"Rivera, Byrd and Mathews",Volunteer,Standard,False
16,Timothy Harris,kherman@vega-rodriguez.com,+1-486-347-2164x7603,Freeman and Sons,Attendee,VIP,False
17,Amber Tanner,colemantina@green.com,7481304246,Shelton-Norman,Attendee,VIP,False
18,Christy Ramirez DVM,michael41@yahoo.com,001-297-697-0566x1120,Walsh-Sharp,Speaker,Student,False
19,John Jimenez,amysmith@love-nelson.com,001-282-059-7937,"Washington, Clark and Ayala",Organizer,Student,True
20,Steven Warren,shelly54@hartman.com,(747)610-1692x9050,Mcmillan-Arias,Organizer,Student,False
21,Nancy Rodriguez,brittneybruce@rodriguez.com,(020)109-0848x714,"Davis, Solomon and Garcia",Speaker,Standard,False
22,William Thompson,gregoryrangel@christian-king.net,560-954-1159,Moore-Acosta,Volunteer,VIP,False
23,Rhonda Williams,dyoung@yahoo.com,495.808.4423x1519,Hutchinson-Frazier,Speaker,VIP,False
24,Nancy Walsh,alan32@craig.org,1299617948,Berry-Sellers,Organizer,VIP,False
25,Melody Lee,margaret89@gmail.com,+1-384-690-4558x9607,Jones-Bailey,Organizer,Standard,False
26,Derrick Griffin,guzmandarius@garza-roberts.com,-5424,"Brandt, Ramirez and Martinez",Speaker,Standard,False
27,Danielle Lopez DDS,palvarez@stevenson.com,438.085.2284,Gonzalez and Sons,Volunteer,Student,False
28,Heidi West,nmccullough@yahoo.com,718-723-6246,Fox Inc,Volunteer,Standard,False
29,Mark Wall,jeffrey86@khan-aguilar.info,(292)028-9723x3098,Carr-Morgan,Attendee,Standard,False
30,Paul Bishop,kmiller@golden.org,443-327-8685,Davis-Mckinney,Volunteer,VIP,False
31,Monica Cole,onelson@knight.com,001-474-777-6200x858,"Ibarra, Moon and Frey",Volunteer,Student,False
32,Jaclyn Hawkins,danielbond@yahoo.com,710-168-7016,"Cabrera, Fox and Collins",Speaker,Student,False
33,Mary Young,brittanyellis@gmail.com,(208)301-3837x2732,"Allen, Hurley and Lewis",Volunteer,Student,False
34,Manuel Erickson,johnstondanielle@hotmail.com,476.518.5732x88336,Smith Ltd,Speaker,VIP,False
35,Kari Flynn,johnsonmichael@gmail.com,001-850-409-5569x32520,Nixon Group,Attendee,VIP,False
36,Amy Fernandez,ryanpatel@hotmail.com,001-702-911-8214,Hood Ltd,Speaker,VIP,False
37,Jonathan Davis,dwaynebenjamin@yahoo.com,6271403978,"Banks, Phillips and Leblanc",Attendee,VIP,False
38,Jeffrey Mills,holly41@gmail.com,001-874-659-2058x15471,Short and Sons,Organizer,Standard,False
39,Travis Charles,ryanmanning@hernandez.com,+1-982-550-4417x63858,"Gardner, Martinez and Sanchez",Attendee,VIP,False
40,Tracie Ashley,christinemoore@johnson.com,088.441.0144,Mueller-Cervantes,Attendee,Student,False
41,Ellen Norman,barronmichael@snyder.net,904-855-0317x09182,"Raymond, Frey and Huff",Organizer,VIP,False
42,Douglas Stanley,ymorales@moore.com,001-458-818-6309x1830,Nicholson-Edwards,Attendee,Standard,False
43,Whitney Mccarthy,elizabeth40@hotmail.com,001-438-391-4289x768,"Salas, Ramsey and Ferguson",Speaker,Student,False
44,Jennifer Wright,timothy27@jones-rice.com,816.329.7727x64405,Berger Inc,Organizer,Standard,False
45,Daniel Carrillo,paula56@brewer-levy.com,616.651.2004x06752,Cox-Fowler,Attendee,Standard,False
46,Tyler Perkins,stephanie94@yahoo.com,(566)977-9865x426,Webb Group,Organizer,VIP,False
47,Susan Mitchell,umartin@ramirez.com,(166)203-8953x5418,Esparza-Zuniga,Organizer,VIP,False
48,Samuel Campbell,hughesbrandon@gmail.com,+1-216-560-1156x946,"Ruiz, Baker and Morales",Volunteer,Student,False
49,Johnny Park,abecker@moody-mcbride.biz,820.601.6683,"Rivera, Perez and Reynolds",Volunteer,VIP,False
50,Monica White,eparker@lee-rivera.com,-2179,"Avery, Schroeder and Melendez",Attendee,VIP,False
51,Jennifer Perez,joshuanunez@ward.com,001-357-049-7376,Rodriguez and Sons,Attendee,VIP,False
52,Danielle Moon,vcurtis@johnson-gregory.com,678.435.1905,Williams-Ingram,Speaker,Student,False
53,Anne Williams,richardsonstacy@yahoo.com,294-854-4557x6623,Smith-Wong,Organizer,VIP,False
54,Brandon Franklin,kaylafletcher@hughes.com,(429)471-6124x0562,Kelly-Contreras,Organizer,Student,False
55,Jenny Jones,andrew43@hicks-holland.net,001-787-437-7614x1819,Johnson Group,Volunteer,Standard,False
56,Mr. Nicholas Zimmerman,sarah08@gmail.com,(125)856-1830,Hernandez Ltd,Attendee,VIP,False
57,Sandy Brown,garyhess@gmail.com,685-099-3602x018,Todd Inc,Attendee,Student,False
58,Suzanne Wolfe,gwalker@gmail.com,001-268-062-2052,Esparza-Zimmerman,Volunteer,Student,False
59,Michael Wilson,walshaaron@gmail.com,001-054-950-3235x4542,Ayala Inc,Volunteer,Student,False
60,Nina Johnson,smithscott@hotmail.com,583.156.9746x2878,Carlson Group,Attendee,Student,False
61,Gabriela Allen,figueroamichelle@gmail.com,699-791-4532x2295,Gonzales-Combs,Volunteer,Standard,False
62,Maria Jimenez,brownkrystal@smith.info,001-225-008-4442x56350,Patrick Inc,Organizer,VIP,False
63,Kevin Freeman,xprice@henry.biz,4726318846,Olson Inc,Attendee,VIP,False
64,Nancy Long,melissa01@shields.com,001-967-285-8318,Berger Ltd,Volunteer,Standard,False
65,Matthew Lozano,juan24@chandler-fernandez.com,001-904-947-2331x0204,"Dixon, Morgan and Hale",Speaker,VIP,False
66,Emma Ortiz,thomasburnett@moody-ramirez.info,(899)107-9396,"Fowler, Richardson and Barker",Volunteer,Standard,False
67,Melissa Carroll,hollydavis@ortiz-sherman.biz,7321134337,Goodwin and Sons,Organizer,Standard,False
68,Erin Cox,glowe@gmail.com,493.788.6603,Mejia LLC,Organizer,Standard,False
69,Joseph Whitehead,johnlewis@cochran.com,(875)099-0322,"Watkins, Hernandez and Santiago",Volunteer,Standard,False
70,Nicole Garza,clarkheidi@hernandez-morales.com,134.542.9654x81168,Fox-Jones,Speaker,Student,False
71,Jason Rodriguez,qmoreno@gmail.com,+1-050-803-3684x7872,Walls-Thomas,Speaker,Standard,False
72,Anthony Garrett,robertsmichael@james.net,082.988.3020x724,Webb-Patterson,Speaker,VIP,False
73,Christopher Martin,tracy55@fry.net,481-324-4453,Jones Inc,Attendee,VIP,False
74,Beth Harrington,dglass@nelson.org,+1-232-419-8647x6028,Jackson Inc,Attendee,Student,False
75,Gina Williams,durhamsusan@yahoo.com,2277954134,Porter Group,Speaker,Standard,False
76,Tyler Smith,ggonzales@yahoo.com,670-466-5742x0256,Green-Jacobs,Attendee,Student,False
77,Douglas Gardner,coxmelissa@yahoo.com,608-564-0992,"Garcia, Hughes and Mccarty",Speaker,Student,False
78,Eric Alexander,anthony25@gmail.com,+1-022-932-3735x6793,Dixon PLC,Volunteer,Student,False
79,Dakota Wells,sydneymcdowell@hotmail.com,001-789-072-0995x40580,Allen LLC,Organizer,Standard,False
80,Christina Burton,hineslauren@reyes.net,821.124.3113,"Cooper, Li and Keller",Organizer,Student,False
81,Marie Francis,tobrien@gmail.com,536.958.3274,Green-Rodriguez,Speaker,Standard,False
82,Mr. Blake Jennings Jr.,qrivera@hotmail.com,(926)296-9487x487,Lutz Inc,Organizer,Student,False
83,Melissa Nichols,laurie81@davis.biz,001-712-621-7375x723,"King, Hunter and Santos",Attendee,VIP,False
84,David Young,dstrickland@yahoo.com,996-533-1221,Webb and Sons,Speaker,Student,False
85,Andrea Hall,maria65@yahoo.com,(260)020-6628,"White, Garcia and Nelson",Volunteer,VIP,False
86,Samantha Alvarado,angela67@hunter-miller.com,(525)631-3803,Lang Ltd,Attendee,Student,False
87,Chad Wilson,andreaburnett@gmail.com,(864)981-1910x132,Newton-Thompson,Speaker,Student,False
88,Matthew Dominguez,davidcollins@reynolds.com,655-273-0293,Blackburn-Wagner,Speaker,Student,False
89,Paul Branch,jason54@hotmail.com,9228957675,Torres Group,Volunteer,VIP,False
90,Luke Sellers,juan83@perry-kim.net,8684677354,"Graves, Perez and Copeland",Attendee,Standard,False
91,Troy Melton,matthewgreen@oconnell.info,+1-219-917-6463x054,"Vaughn, James and Bishop",Speaker,Student,False
92,Matthew Holder,megan14@hotmail.com,063-312-6440,Le Group,Volunteer,Student,False
93,Joseph Parker,samueljones@kramer.biz,917-870-1873x070,"Wheeler, James and Wu",Volunteer,VIP,False
94,Nicholas Rich,njones@gonzalez-dunn.net,(039)218-2156,Davis-Acosta,Speaker,Standard,False
95,James Pope,rogersbecky@gmail.com,479.662.5964,Weiss PLC,Attendee,Standard,False
96,Gregory Estrada,itorres@marquez-osborne.info,790.761.7172x02037,Griffith-Jones,Organizer,Student,False
97,Seth Crawford,thomas38@yahoo.com,-4976,"Ramirez, Craig and Simmons",Organizer,Standard,False
98,Tammy Bowen,gregoryrice@nguyen-barnett.com,(900)752-6496x928,Johnson Inc,Volunteer,Student,False
99,Gabriel Medina,melissa23@harris.info,107-739-2777x82517,Thompson-Burns,Volunteer,Student,False
100,William Johnson,eric08@gordon-bryant.com,698.612.0723,Montgomery LLC,Speaker,VIP,False
